-- ARCHIVED: AUTO-GENERATED export con errores (columnas no existen en schema actual)
-- ------------------------------------------------------------------
-- AUTO-GENERATED by scripts/export_db_to_migrations.sh
-- Database: tdc_db
-- Host: 		hostname: debian13
-- Date (UTC): 	2026-02-19T21:02:18Z
-- NOTE: This is a data-only dump using REPLACE INTO (idempotent updates)
--       Review the file before committing it into source control.
-- ------------------------------------------------------------------
SET FOREIGN_KEY_CHECKS=0;
START TRANSACTION;
/*M!999999\- enable the sandbox mode */ 
-- MariaDB dump 10.19  Distrib 10.6.25-MariaDB, for debian-linux-gnu (x86_64)
--
-- Host: localhost    Database: tdc_db
-- ------------------------------------------------------
-- Server version	10.6.25-MariaDB-ubu2204

/*!40101 SET @OLD_CHARACTER_SET_CLIENT=@@CHARACTER_SET_CLIENT */;
/*!40101 SET @OLD_CHARACTER_SET_RESULTS=@@CHARACTER_SET_RESULTS */;
/*!40101 SET @OLD_COLLATION_CONNECTION=@@COLLATION_CONNECTION */;
/*!40101 SET NAMES utf8mb4 */;
/*!40103 SET @OLD_TIME_ZONE=@@TIME_ZONE */;
/*!40103 SET TIME_ZONE='+00:00' */;
/*!40014 SET @OLD_FOREIGN_KEY_CHECKS=@@FOREIGN_KEY_CHECKS, FOREIGN_KEY_CHECKS=0 */;
/*!40101 SET @OLD_SQL_MODE=@@SQL_MODE, SQL_MODE='NO_AUTO_VALUE_ON_ZERO' */;
/*!40111 SET @OLD_SQL_NOTES=@@SQL_NOTES, SQL_NOTES=0 */;

--
-- Dumping data for table `asistencias_talleres`
--

LOCK TABLES `asistencias_talleres` WRITE;
/*!40000 ALTER TABLE `asistencias_talleres` DISABLE KEYS */;
/*!40000 ALTER TABLE `asistencias_talleres` ENABLE KEYS */;
UNLOCK TABLES;

--
-- Dumping data for table `bandas_artistas`
--

LOCK TABLES `bandas_artistas` WRITE;
/*!40000 ALTER TABLE `bandas_artistas` DISABLE KEYS */;
REPLACE INTO `bandas_artistas` (`id`, `nombre`, `genero_musical`, `bio`, `instagram`, `facebook`, `twitter`, `tiktok`, `web_oficial`, `youtube`, `spotify`, `otras_redes`, `logo_url`, `foto_prensa_url`, `contacto_nombre`, `contacto_email`, `contacto_telefono`, `contacto_rol`, `verificada`, `activa`, `creado_en`, `actualizado_en`) VALUES (1,'Reite','Rock / Tributo La Renga','Tributo a La Renga con más de 10 años de trayectoria en la zona sur.','@reite.tributo','ReiteOficial',NULL,NULL,NULL,'https://youtube.com/@reitetributo','https://open.spotify.com/artist/reite',NULL,'/uploads/bandas/logo_reite.jpg',NULL,'Carlos Pérez','reite.tributo@gmail.com','1155001122','Manager',1,1,'2026-02-19 20:14:25','2026-02-19 20:59:08'),(2,'Pateando Bares','Rock Nacional','Rock nacional con temas propios y algunos covers.','@pateando.bares','PateandobaresOk',NULL,NULL,NULL,NULL,NULL,NULL,NULL,NULL,'Martín Gómez','pateando.bares@gmail.com','1155003344','Líder',1,1,'2026-02-19 20:14:25','2026-02-19 20:14:25'),(3,'Las Mentas','Rock Alternativo','Banda femenina de rock alternativo.','@lasmentas.rock',NULL,NULL,NULL,NULL,'https://youtube.com/@lasmentas','https://open.spotify.com/artist/lasmentas',NULL,'/uploads/bandas/logo_las_mentas.jpeg',NULL,'Laura Fernández','lasmentas@gmail.com','1155005566','Cantante',1,1,'2026-02-19 20:14:25','2026-02-19 20:58:24'),(4,'Cumbia Sudaka','Cumbia','Cumbia villera con letras sociales.','@cumbiasudaka','CumbiaSudakaOficial',NULL,NULL,NULL,'https://youtube.com/@cumbiasudaka',NULL,NULL,NULL,NULL,'Diego Ramírez','cumbiasudaka@gmail.com','1155009900','Manager',1,1,'2026-02-19 20:14:25','2026-02-19 20:14:25');
/*!40000 ALTER TABLE `bandas_artistas` ENABLE KEYS */;
UNLOCK TABLES;

--
-- Dumping data for table `bandas_formacion`
--

LOCK TABLES `bandas_formacion` WRITE;
/*!40000 ALTER TABLE `bandas_formacion` DISABLE KEYS */;
REPLACE INTO `bandas_formacion` (`id`, `id_banda`, `nombre_integrante`, `instrumento`, `es_lider`, `notas`) VALUES (6,2,'Martín','Guitarra eléctrica',1,'Guitarra y voz'),(7,2,'Martín','Voz principal',0,NULL),(8,2,'Fede','Bajo eléctrico',0,NULL),(9,2,'Nico','Batería',0,NULL),(15,4,'Diego','Voz principal',1,NULL),(16,4,NULL,'Teclado',0,NULL),(17,4,NULL,'Guitarra eléctrica',0,NULL),(18,4,NULL,'Bajo eléctrico',0,NULL),(19,4,NULL,'Batería',0,NULL);
/*!40000 ALTER TABLE `bandas_formacion` ENABLE KEYS */;
UNLOCK TABLES;

--
-- Dumping data for table `catalogo_instrumentos`
--

LOCK TABLES `catalogo_instrumentos` WRITE;
/*!40000 ALTER TABLE `catalogo_instrumentos` DISABLE KEYS */;
REPLACE INTO `catalogo_instrumentos` (`id`, `nombre`, `categoria`, `icono`) VALUES (1,'Guitarra eléctrica','Cuerdas','fa-guitar'),(2,'Guitarra acústica','Cuerdas','fa-guitar'),(3,'Guitarra criolla','Cuerdas','fa-guitar'),(4,'Bajo eléctrico','Cuerdas','fa-guitar'),(5,'Bajo acústico','Cuerdas','fa-guitar'),(6,'Violín','Cuerdas','fa-violin'),(7,'Ukelele','Cuerdas','fa-guitar'),(8,'Batería','Percusión','fa-drum'),(9,'Cajón peruano','Percusión','fa-drum'),(10,'Congas','Percusión','fa-drum'),(11,'Bongó','Percusión','fa-drum'),(12,'Timbales','Percusión','fa-drum'),(13,'Percusión menor','Percusión','fa-drum'),(14,'Teclado','Teclados','fa-keyboard'),(15,'Piano','Teclados','fa-keyboard'),(16,'Sintetizador','Teclados','fa-keyboard'),(17,'Acordeón','Teclados','fa-keyboard'),(18,'Saxofón','Vientos','fa-wind'),(19,'Trompeta','Vientos','fa-wind'),(20,'Trombón','Vientos','fa-wind'),(21,'Flauta traversa','Vientos','fa-wind'),(22,'Clarinete','Vientos','fa-wind'),(23,'Armónica','Vientos','fa-wind'),(24,'Voz principal','Voz','fa-microphone'),(25,'Coros','Voz','fa-microphone'),(26,'Segunda voz','Voz','fa-microphone'),(27,'DJ / Controlador','Electrónico','fa-compact-disc'),(28,'Sampler','Electrónico','fa-sliders');
/*!40000 ALTER TABLE `catalogo_instrumentos` ENABLE KEYS */;
UNLOCK TABLES;

--
-- Dumping data for table `catalogo_roles`
--

LOCK TABLES `catalogo_roles` WRITE;
/*!40000 ALTER TABLE `catalogo_roles` DISABLE KEYS */;
REPLACE INTO `catalogo_roles` (`id`, `nombre`, `descripcion`, `activo`, `creado_en`) VALUES (1,'Encargada','Responsable general del evento',1,'2026-02-19 20:14:25'),(2,'Cocinera','Preparación de alimentos',1,'2026-02-19 20:14:25'),(3,'Puerta','Recepción de invitados',1,'2026-02-19 20:14:25'),(4,'Mesera','Servicio de mesas',1,'2026-02-19 20:14:25'),(5,'Ayudante de cocina','Asistente en cocina',1,'2026-02-19 20:14:25'),(6,'Limpieza','Limpieza del salón',1,'2026-02-19 20:14:25'),(7,'Depiladora','Servicio de depilación',1,'2026-02-19 20:14:25'),(8,'Bartender','Manejo completo del Servicio de bar',1,'2026-02-19 20:14:25'),(9,'Sonido','Técnico de sonido',1,'2026-02-19 20:14:25'),(10,'DJ','Disc Jockey',1,'2026-02-19 20:14:25'),(11,'Seguridad','Personal de seguridad',1,'2026-02-19 20:14:25');
/*!40000 ALTER TABLE `catalogo_roles` ENABLE KEYS */;
UNLOCK TABLES;

--
-- Dumping data for table `clientes`
--

LOCK TABLES `clientes` WRITE;
/*!40000 ALTER TABLE `clientes` DISABLE KEYS */;
REPLACE INTO `clientes` (`id`, `nombre`, `telefono`, `email`, `notas`, `creado_en`, `actualizado_en`) VALUES (1,'María García','1155667788','maria.garcia@email.com',NULL,'2026-02-19 20:14:25','2026-02-19 20:14:25'),(2,'Carlos López','1144556677','carlos.lopez@email.com',NULL,'2026-02-19 20:14:25','2026-02-19 20:14:25'),(3,'Roberto Fernández','1133445566','roberto.f@email.com',NULL,'2026-02-19 20:14:25','2026-02-19 20:14:25'),(4,'Ana Martínez','1122334455','ana.m@email.com',NULL,'2026-02-19 20:14:25','2026-02-19 20:14:25'),(5,'Juan Pérez','123456789','juan.perez@email.com',NULL,'2026-02-19 20:14:25','2026-02-19 20:14:25'),(6,'Ana López','987654321','ana.lopez@email.com',NULL,'2026-02-19 20:14:25','2026-02-19 20:14:25'),(7,'Reite',NULL,NULL,NULL,'2026-02-19 20:14:25','2026-02-19 20:14:25'),(8,'Jazz en el Templo',NULL,NULL,NULL,'2026-02-19 20:14:25','2026-02-19 20:14:25'),(9,'Cumbia Power',NULL,NULL,NULL,'2026-02-19 20:14:25','2026-02-19 20:14:25'),(10,'Rock March',NULL,NULL,NULL,'2026-02-19 20:14:25','2026-02-19 20:14:25'),(11,'Loquito de las bandas','','',NULL,'2026-02-19 20:14:25','2026-02-19 20:57:37');
/*!40000 ALTER TABLE `clientes` ENABLE KEYS */;
UNLOCK TABLES;

--
-- Dumping data for table `configuracion`
--

LOCK TABLES `configuracion` WRITE;
/*!40000 ALTER TABLE `configuracion` DISABLE KEYS */;
REPLACE INTO `configuracion` (`Clave`, `Valor`) VALUES ('ANTICIPACION_MAXIMA_DIAS','90'),('ANTICIPACION_MINIMA_DIAS','3'),('DIRECCION','Claypole, Buenos Aires'),('EMAIL_CONTACTO','contacto@eltemplodeclaypole.com'),('HORARIO_ATENCION','Lunes a Sábado 10:00 - 22:00'),('NOMBRE_NEGOCIO','El Templo de Claypole'),('TELEFONO','1155551234');
/*!40000 ALTER TABLE `configuracion` ENABLE KEYS */;
UNLOCK TABLES;

--
-- Dumping data for table `configuracion_horarios`
--

LOCK TABLES `configuracion_horarios` WRITE;
/*!40000 ALTER TABLE `configuracion_horarios` DISABLE KEYS */;
REPLACE INTO `configuracion_horarios` (`id`, `id_tipo_evento`, `dia_semana`, `hora_inicio`, `hora_fin`) VALUES (1,'INFANTILES','todos','12:00:00','23:00:00'),(2,'INFANTILES','todos','13:00:00','23:00:00'),(3,'INFANTILES','todos','14:00:00','23:00:00'),(4,'INFANTILES','todos','16:00:00','23:00:00'),(5,'INFANTILES','todos','17:00:00','23:00:00'),(6,'INFANTILES','todos','18:00:00','23:00:00'),(7,'INFORMALES','todos','09:00:00','23:00:00'),(8,'INFORMALES','todos','10:00:00','23:00:00'),(9,'INFORMALES','todos','11:00:00','23:00:00'),(10,'INFORMALES','todos','12:00:00','23:00:00'),(11,'INFORMALES','todos','13:00:00','23:00:00'),(12,'INFORMALES','todos','14:00:00','23:00:00'),(13,'INFORMALES','sabado','15:00:00','02:00:00'),(14,'INFORMALES','sabado','16:00:00','02:00:00'),(15,'INFORMALES','sabado','17:00:00','02:00:00'),(16,'INFORMALES','sabado','18:00:00','02:00:00'),(17,'INFORMALES','sabado','19:00:00','02:00:00'),(18,'INFORMALES','sabado','20:00:00','02:00:00'),(19,'INFORMALES','sabado','21:00:00','02:00:00'),(20,'INFORMALES','sabado','22:00:00','02:00:00'),(21,'CON_SERVICIO_DE_MESA','todos','09:00:00','23:00:00'),(22,'CON_SERVICIO_DE_MESA','todos','10:00:00','23:00:00'),(23,'CON_SERVICIO_DE_MESA','todos','11:00:00','23:00:00'),(24,'CON_SERVICIO_DE_MESA','todos','12:00:00','23:00:00'),(25,'CON_SERVICIO_DE_MESA','sabado','18:00:00','02:00:00'),(26,'CON_SERVICIO_DE_MESA','sabado','19:00:00','02:00:00'),(27,'CON_SERVICIO_DE_MESA','sabado','20:00:00','02:00:00'),(28,'CON_SERVICIO_DE_MESA','sabado','21:00:00','02:00:00'),(29,'BABY_SHOWERS','todos','12:00:00','23:00:00'),(30,'BABY_SHOWERS','todos','13:00:00','23:00:00'),(31,'BABY_SHOWERS','todos','14:00:00','23:00:00'),(32,'BABY_SHOWERS','todos','16:00:00','23:00:00'),(33,'BABY_SHOWERS','sabado','17:00:00','02:00:00'),(34,'BABY_SHOWERS','sabado','18:00:00','02:00:00'),(35,'ADOLESCENTES','todos','12:00:00','23:00:00'),(36,'ADOLESCENTES','todos','13:00:00','23:00:00'),(37,'ADOLESCENTES','todos','14:00:00','23:00:00'),(38,'ADOLESCENTES','todos','16:00:00','23:00:00'),(39,'ADOLESCENTES','sabado','17:00:00','02:00:00'),(40,'ADOLESCENTES','sabado','18:00:00','02:00:00'),(41,'FECHA_BANDAS','todos','12:00:00','23:00:00'),(42,'FECHA_BANDAS','sabado','21:00:00','02:00:00');
/*!40000 ALTER TABLE `configuracion_horarios` ENABLE KEYS */;
UNLOCK TABLES;

--
-- Dumping data for table `costos_personal_vigencia`
--

LOCK TABLES `costos_personal_vigencia` WRITE;
/*!40000 ALTER TABLE `costos_personal_vigencia` DISABLE KEYS */;
REPLACE INTO `costos_personal_vigencia` (`id`, `rol`, `fecha_de_vigencia`, `costo_por_hora`, `viaticos`) VALUES (1,'Encargada','2025-08-01',5000.00,0.00),(2,'Bartender','2025-08-01',5000.00,0.00),(3,'Cocinera','2025-08-01',3500.00,0.00),(4,'Puerta','2025-08-01',3500.00,1000.00),(5,'Ayudante de cocina','2025-08-01',3000.00,0.00),(6,'Mesera','2025-08-01',3000.00,0.00),(7,'Limpieza','2025-09-01',3500.00,1200.00),(8,'Sonido','2025-08-01',4000.00,500.00),(9,'DJ','2025-08-01',4500.00,0.00),(10,'Seguridad','2025-08-01',4000.00,1000.00);
/*!40000 ALTER TABLE `costos_personal_vigencia` ENABLE KEYS */;
UNLOCK TABLES;

--
-- Dumping data for table `cupones`
--

LOCK TABLES `cupones` WRITE;
/*!40000 ALTER TABLE `cupones` DISABLE KEYS */;
REPLACE INTO `cupones` (`id`, `codigo`, `tipo_descuento`, `valor_fijo`, `porcentaje_descuento`, `usos_maximos`, `usos_actuales`, `fecha_expiracion`, `activo`, `aplica_a`, `fecha_creacion`) VALUES (1,'ROCK20','PORCENTAJE',NULL,20.00,50,0,'2025-12-31',1,'TODAS','2026-02-19 20:14:25'),(2,'DESCUENTO10K','MONTO_FIJO',10000.00,NULL,NULL,0,NULL,1,'ANTICIPADA','2026-02-19 20:14:25'),(3,'PUERTA25','PORCENTAJE',NULL,25.00,100,0,'2025-12-31',1,'PUERTA','2026-02-19 20:14:25');
/*!40000 ALTER TABLE `cupones` ENABLE KEYS */;
UNLOCK TABLES;

--
-- Dumping data for table `eventos_bandas_invitadas`
--

LOCK TABLES `eventos_bandas_invitadas` WRITE;
/*!40000 ALTER TABLE `eventos_bandas_invitadas` DISABLE KEYS */;
/*!40000 ALTER TABLE `eventos_bandas_invitadas` ENABLE KEYS */;
UNLOCK TABLES;

--
-- Dumping data for table `eventos_confirmados`
--

LOCK TABLES `eventos_confirmados` WRITE;
/*!40000 ALTER TABLE `eventos_confirmados` DISABLE KEYS */;
REPLACE INTO `eventos_confirmados` (`id`, `id_solicitud`, `tipo_evento`, `tabla_origen`, `nombre_evento`, `descripcion`, `url_flyer`, `fecha_evento`, `hora_inicio`, `duracion_estimada`, `nombre_cliente`, `email_cliente`, `telefono_cliente`, `precio_base`, `precio_final`, `es_publico`, `activo`, `genero_musical`, `cantidad_personas`, `tipo_servicio`, `nombre_taller`, `confirmado_en`, `actualizado_en`, `cancelado_en`) VALUES (1,7,'BANDA','fechas_bandas_confirmadas','Reite','Gran noche de rock nacional con Tributo a La Renga',NULL,'2025-12-20','21:00:00',NULL,NULL,NULL,NULL,3000.00,4000.00,1,1,'Rock nacional',150,NULL,NULL,'2026-02-19 20:14:25','2026-02-19 20:14:25',NULL),(2,8,'BANDA','fechas_bandas_confirmadas','Jazz en el Templo','Noche de jazz con los mejores músicos de la zona sur',NULL,'2025-12-21','20:00:00',NULL,NULL,NULL,NULL,2500.00,3500.00,1,1,'Jazz',100,NULL,NULL,'2026-02-19 20:14:25','2026-02-19 20:14:25',NULL),(3,9,'BANDA','fechas_bandas_confirmadas','Cumbia Power','La mejor cumbia para cerrar el año bailando!',NULL,'2025-12-28','22:00:00',NULL,NULL,NULL,NULL,2000.00,3000.00,1,1,'Cumbia',180,NULL,NULL,'2026-02-19 20:14:25','2026-02-19 20:14:25',NULL);
/*!40000 ALTER TABLE `eventos_confirmados` ENABLE KEYS */;
UNLOCK TABLES;

--
-- Dumping data for table `eventos_lineup`
--

LOCK TABLES `eventos_lineup` WRITE;
/*!40000 ALTER TABLE `eventos_lineup` DISABLE KEYS */;
REPLACE INTO `eventos_lineup` (`id`, `id_evento_confirmado`, `id_banda`, `nombre_banda`, `orden_show`, `es_principal`, `es_solicitante`, `hora_inicio`, `hora_fin`, `duracion_minutos`, `estado`, `notas`) VALUES (1,1,2,'Pateando Bares',0,0,0,'21:30:00',NULL,45,'confirmada',NULL),(2,1,3,'Las Mentas',1,0,0,'22:30:00',NULL,50,'confirmada',NULL),(3,1,1,'Reite',2,1,1,'23:45:00',NULL,90,'confirmada',NULL),(4,3,4,'Cumbia Sudaka',0,1,1,'22:30:00',NULL,120,'confirmada',NULL);
/*!40000 ALTER TABLE `eventos_lineup` ENABLE KEYS */;
UNLOCK TABLES;

--
-- Dumping data for table `eventos_personal`
--

LOCK TABLES `eventos_personal` WRITE;
/*!40000 ALTER TABLE `eventos_personal` DISABLE KEYS */;
/*!40000 ALTER TABLE `eventos_personal` ENABLE KEYS */;
UNLOCK TABLES;

--
-- Dumping data for table `inscripciones_talleres`
--

LOCK TABLES `inscripciones_talleres` WRITE;
/*!40000 ALTER TABLE `inscripciones_talleres` DISABLE KEYS */;
/*!40000 ALTER TABLE `inscripciones_talleres` ENABLE KEYS */;
UNLOCK TABLES;

--
-- Dumping data for table `opciones_adicionales`
--

LOCK TABLES `opciones_adicionales` WRITE;
/*!40000 ALTER TABLE `opciones_adicionales` DISABLE KEYS */;
REPLACE INTO `opciones_adicionales` (`nombre`, `precio`, `descripcion`, `url_imagen`) VALUES ('Cama elástica',30000.00,'Cama elástica con red lateral para niños hasta 10 años','https://lh3.googleusercontent.com/pw/AP1GczMM-aZTEqkYM4KlsY5A79dD5IMy03IVXb0EgLUWVPlflvdfCikVlgkn3p6PVwELvS4qtBoD9HGf8LiIVAHNIuTzn3FxMxYcIecyqjeE1Ew-PZfl723Rt1kQGs-ClWpThLxG77uaRM153VQfVvD4O8fJ=w700-h933-s-no-gm?authuser=0'),('Inflable Cocodrilo',30000.00,'Inflable con forma de cocodrilo de 4x7 metros con tobogan','https://lh3.googleusercontent.com/pw/AP1GczM9WbWMorMn_fPb7f9_uS7-IWAsKEj0LcCn8Zvi7U14_7Kjdjge28_RV50Gcu7wkinQk_W5mK5NFNXh1iFjv-Uq-EHjvQWigm3TcSlMvNhhM3ZOZMT05WkaWaxuL-QNciykkIuCmLe0YwQYRrFieHTl=w394-h231-s-no-gm?authuser=0'),('Inflable Mickey/Minnie',25000.00,'Inflable de 4x4 metros con caras gigantes de Mickey y Minnie','https://lh3.googleusercontent.com/pw/AP1GczMQl1ffjotYB0j0jFCInMgBquqvsgAITDe31BuKk14RFS3Bky5eSfrTjuDJFDCqZ8bAkeVK1xqPFz3xzJBw8R_YXNyS6Zo0ZIytnwaHNIQCJvghvfhwP5xetCI7Xg2cVqFmbbDUuJ3Cv_-SHFU3BI6f=w340-h358-s-no-gm?authuser=0'),('Inflable Princesa',22000.00,'Inflable temática Princesas de 3x3 metros','https://lh3.googleusercontent.com/pw/AP1GczOYtkKsvQOWJsscPoXvPKxmGWHFzXBUCnWMVr3jyPXvQLDPJFLKivYfqf0HP0DCFCiDZeuF_OHT2Dg7mY5gdOva0YQL94uS9aGQOhRviny_ZNoIPCAR-9p5x2gOXjrNYaAIzRnEKbOOqseXBmWgwfnT=w377-h360-s-no-gm?authuser=0'),('Inflable Spiderman',22000.00,'Inflable temática Hombre Araña de 3x3 metros','https://lh3.googleusercontent.com/pw/AP1GczOlO48NaDkNnHM_ZPKJT-4eHH36bUYMJUZFlAObTvGgIgHy6H0hwaSbyxFJvAjmIrucr12rvG2FTpeLcezzfGBVUCmADUhhTYXZAUdUPw4bw2gdvjts1P-GOH4XPD3MrxLG3AfhHWlHtnk2IosfgBhl=w418-h349-s-no-gm?authuser=0'),('Manteles negros con camino blanco',30000.00,'Manteles negros con camino blanco para todas las mesas','https://lh3.googleusercontent.com/pw/AP1GczPfoLiluF0pE9tFCtHRtuXpK0pFM3BQRZ97t81cE9aapbIAzlsJ5srLNeaJYfmI_2F247p2zH33ilH6oW3D-N_nM7BQKZL0CcrE49wNHZ1hQALYnGrsjMk3VsdwQ66In8Ub11R8bW8rD4Riyl6WJTjp=w999-h779-s-no-gm?authuser=0'),('Manteles negros sólos',20000.00,'Manteles negros para todas las mesas','https://lh3.googleusercontent.com/pw/AP1GczOSpOTKTwuEAckvaWRc8thYEivYe0el_Fno_l6-ylS331QQaBD7L8zRVPQ1BVBXGdCjdyFbinue3OMV6BtZXpndGSbE4AuCCH710iGesDuGLotzH3gHsirHRral9vmMs-x8pG1S-rrSV0odj9BLrCSV=w800-h749-s-no-gm?authuser=0'),('Mesa extra',5000.00,'Mesa extra para buffet',NULL),('Silla extra',300.00,'Silla plegable extra',NULL);
/*!40000 ALTER TABLE `opciones_adicionales` ENABLE KEYS */;
UNLOCK TABLES;

--
-- Dumping data for table `opciones_duracion`
--

LOCK TABLES `opciones_duracion` WRITE;
/*!40000 ALTER TABLE `opciones_duracion` DISABLE KEYS */;
REPLACE INTO `opciones_duracion` (`id`, `id_tipo_evento`, `duracion_horas`, `descripcion`) VALUES (1,'INFANTILES',3,'3 horas'),(2,'INFANTILES',4,'4 horas'),(3,'INFANTILES',5,'5 horas'),(4,'INFORMALES',4,'4 horas'),(5,'INFORMALES',6,'6 horas'),(6,'INFORMALES',8,'8 horas'),(7,'INFORMALES',10,'10 horas'),(8,'CON_SERVICIO_DE_MESA',4,'4 horas'),(9,'CON_SERVICIO_DE_MESA',6,'6 horas'),(10,'CON_SERVICIO_DE_MESA',8,'8 horas'),(11,'CON_SERVICIO_DE_MESA',10,'10 horas'),(12,'BABY_SHOWERS',3,'3 horas'),(13,'BABY_SHOWERS',4,'4 horas'),(14,'BABY_SHOWERS',5,'5 horas'),(15,'BABY_SHOWERS',6,'6 horas'),(16,'ADOLESCENTES',3,'3 horas'),(17,'ADOLESCENTES',4,'4 horas'),(18,'ADOLESCENTES',5,'5 horas'),(19,'FECHA_BANDAS',5,'5 horas'),(20,'FECHA_BANDAS',6,'6 horas'),(21,'FECHA_BANDAS',7,'7 horas'),(22,'FECHA_BANDAS',8,'8 horas');
/*!40000 ALTER TABLE `opciones_duracion` ENABLE KEYS */;
UNLOCK TABLES;

--
-- Dumping data for table `opciones_tipos`
--

LOCK TABLES `opciones_tipos` WRITE;
/*!40000 ALTER TABLE `opciones_tipos` DISABLE KEYS */;
REPLACE INTO `opciones_tipos` (`id_tipo_evento`, `nombre_para_mostrar`, `descripcion`, `categoria`, `es_publico`, `monto_sena`, `deposito`) VALUES ('ADOLESCENTES','ADOLESCENTES: Cumpleaños de 13 a 17 años','🎧 **CUMPLEAÑOS ADOLESCENTES**\n\n✅ **INCLUYE:**\n• Encargada general y de puerta\n• Uso de cocina con cocinera\n• Metegoles, Ping Pong, Pool, Jenga\n• Mesas, sillas y mantelería\n• Utensilios descartables\n• Música y juego de luces\n• 20 min previos para decoración\n\n❌ **NO INCLUYE:** Cancha de fútbol','ALQUILER_SALON',1,50000.00,80000.00),('BABY_SHOWERS','BABY SHOWERS / BAUTISMOS / COMUNIONES','👶 **BABY SHOWERS / BAUTISMOS / COMUNIONES**\n\n✅ **INCLUYE:**\n• Encargada general y de puerta\n• Uso de cocina con cocinera\n• Inflable 3x3\n• Metegoles, Ping Pong, Pool\n• Mesas, sillas y mantelería\n• Utensilios descartables\n• Música y luces\n• Cancha (niños hasta 12)\n\n❌ **NO INCLUYE:** Meseras, animación, vajilla de metal','ALQUILER_SALON',1,50000.00,NULL),('CON_SERVICIO_DE_MESA','FIESTAS de 15 / 18 / casamientos (SERVICIO COMPLETO)','🌟 **SERVICIO COMPLETO**\n\n✅ **INCLUYE:**\n• Encargada general y de puerta\n• Cocinera y uso completo de cocina\n• Meseras según cantidad\n• Mesas, sillas y mantelería\n• Vajilla de cristal y cubiertos de metal\n• Sonido profesional PA JBL\n• Backline para bandas\n• Baño equipado\n\n❌ **NO INCLUYE:** DJ, decoración, cancha de fútbol','ALQUILER_SALON',1,80000.00,NULL),('DEPILACION','Depilación','🌸 **DEPILACIÓN**\n\nZonas: Piernas, Brazos, Cavado, Bozo, Axilas\nMétodo: Cera tibia descartable','SERVICIOS',1,NULL,NULL),('DEPILACION_DEFINITIVA','Depilación Definitiva','⚡ **DEPILACIÓN DEFINITIVA**','SERVICIOS',0,NULL,NULL),('ESTETICA','Estética','✨ **ESTÉTICA**\n\nTratamientos: Limpieza facial, Hidratación, Anti-age, Acné','SERVICIOS',1,NULL,NULL),('FECHA_BANDAS','Fecha para bandas en vivo','🎸 **FECHA PARA BANDAS**\n\n✅ **INCLUYE:**\n• Coordinación de bandas\n• Flyers y publicaciones\n• Encargada de puerta\n• Uso de cocina\n• Sonido profesional\n• Backline completo','FECHA_BANDAS',0,NULL,NULL),('INFANTILES','INFANTILES: Cumpleaños hasta 12 años (SERVICIO COMPLETO)','🎈 **CUMPLEAÑOS INFANTILES**\n\n✅ **INCLUYE:**\n• Encargada general y de puerta\n• Uso de cocina completa con cocinera\n• Inflable 3x3\n• Metegoles, Ping Pong, Pool y Jenga gigante\n• Mesas, sillas y mantelería\n• Utensilios descartables\n• Baño equipado\n• Música y juego de luces\n• Cancha de fútbol (niños hasta 12 años)\n• 20 min previos para decoración\n\n❌ **NO INCLUYE:** Bebidas, alimentos, animación, vajilla de cristal','ALQUILER_SALON',1,50000.00,NULL),('INFORMALES','INFORMALES: Juntadas, parrilladas (SERVICIO ECONÓMICO)','🎉 **SERVICIO ECONÓMICO**\n\n✅ **INCLUYE:**\n• Encargada/o general y control de puerta\n• Mesas y sillas\n• Uso de parrilla\n• Uso de bachas, mesadas, barra\n• Heladera y freezer\n• Baño equipado\n• Equipo de música\n• Metegoles, Ping Pong, Pool\n\n❌ **NO INCLUYE:** Horno, hornallas, cocinera, mantelería, vajilla','ALQUILER_SALON',1,50000.00,80000.00),('MASAJES','Masajes','💆 **MASAJES PROFESIONALES**\n\nTipos: Descontracturante, Relajante, Reflexología, Piedras calientes\nDuración: 45 a 90 min','SERVICIOS',1,NULL,NULL),('TALLER_ARTE','Arte y Manualidades','🎨 **TALLERES DE ARTE**\n\nPintura, Dibujo, Cerámica, Manualidades, Tejido','TALLERES_ACTIVIDADES',1,NULL,NULL),('TALLER_DANZA','Danza','💃 **DANZA**\n\nEstilos: Folklore, Tango, Contemporánea, Salsa, Bachata','TALLERES_ACTIVIDADES',1,NULL,NULL),('TALLER_MUSICA','Música','🎵 **MÚSICA**\n\nInstrumentos: Guitarra, Teclado, Batería, Canto, Vientos','TALLERES_ACTIVIDADES',1,NULL,NULL),('TALLER_YOGA','Yoga','🧘 **YOGA**\n\nEstilos: Hatha, Vinyasa, Restaurativo, Embarazadas','TALLERES_ACTIVIDADES',1,NULL,NULL);
/*!40000 ALTER TABLE `opciones_tipos` ENABLE KEYS */;
UNLOCK TABLES;

--
-- Dumping data for table `personal_disponible`
--

LOCK TABLES `personal_disponible` WRITE;
/*!40000 ALTER TABLE `personal_disponible` DISABLE KEYS */;
REPLACE INTO `personal_disponible` (`id_personal`, `nombre_completo`, `rol`, `celular`, `activo`, `cvu_alias`) VALUES ('P001','Chony','Encargada,Puerta','11 5959-7348',1,NULL),('P002','Leila','Limpieza,Puerta,Cocinera,Mesera','11 3199-6780',1,NULL),('P003','Anita','Limpieza,Puerta','11 5313-4502',1,NULL),('P004','Belen','Ayudante de cocina,Mesera','11 2672-0497',1,NULL),('P005','Amelia','Mesera','11 5064-1123',1,NULL),('P006','Giselle','Depiladora',NULL,0,NULL),('P007','Rodrigo','Bartender,Puerta,Cocinera,Mesera,Sonido',NULL,0,NULL);
/*!40000 ALTER TABLE `personal_disponible` ENABLE KEYS */;
UNLOCK TABLES;

--
-- Dumping data for table `personal_pagos`
--

LOCK TABLES `personal_pagos` WRITE;
/*!40000 ALTER TABLE `personal_pagos` DISABLE KEYS */;
REPLACE INTO `personal_pagos` (`id`, `id_personal`, `id_solicitud`, `monto_acordado`, `monto_pagado`, `fecha_trabajo`, `fecha_pago`, `metodo_pago`, `comprobante`, `estado`, `descripcion`, `notas`, `creado_por`, `creado_en`, `actualizado_en`) VALUES (1,'EMP001',13,15000.00,15000.00,'2025-12-20','2025-12-21','transferencia',NULL,'pagado','DJ para evento del 20/12',NULL,NULL,'2026-02-19 20:14:25','2026-02-19 20:14:25'),(2,'EMP002',13,8000.00,4000.00,'2025-12-20','2025-12-21','efectivo',NULL,'parcial','Mesera para evento del 20/12 - Pago parcial',NULL,NULL,'2026-02-19 20:14:25','2026-02-19 20:14:25');
/*!40000 ALTER TABLE `personal_pagos` ENABLE KEYS */;
UNLOCK TABLES;

--
-- Dumping data for table `personal_tarifas`
--

LOCK TABLES `personal_tarifas` WRITE;
/*!40000 ALTER TABLE `personal_tarifas` DISABLE KEYS */;
REPLACE INTO `personal_tarifas` (`id`, `nombre_rol`, `monto_por_hora`, `monto_fijo_evento`, `monto_minimo`, `vigente_desde`, `vigente_hasta`, `moneda`, `descripcion`, `activo`, `creado_en`, `actualizado_en`) VALUES (1,'DJ',2500.00,15000.00,10000.00,'2025-01-01',NULL,'ARS','DJ - Tarifa estándar',1,'2026-02-19 20:14:25','2026-02-19 20:14:25'),(2,'Mesera',1800.00,8000.00,6000.00,'2025-01-01',NULL,'ARS','Mesera - Tarifa estándar',1,'2026-02-19 20:14:25','2026-02-19 20:14:25'),(3,'Bartender',2200.00,12000.00,8000.00,'2025-01-01',NULL,'ARS','Bartender - Tarifa estándar',1,'2026-02-19 20:14:25','2026-02-19 20:14:25');
/*!40000 ALTER TABLE `personal_tarifas` ENABLE KEYS */;
UNLOCK TABLES;

--
-- Dumping data for table `precios_servicios`
--

LOCK TABLES `precios_servicios` WRITE;
/*!40000 ALTER TABLE `precios_servicios` DISABLE KEYS */;
REPLACE INTO `precios_servicios` (`id`, `servicio_id`, `precio`, `vigente`, `vigente_desde`, `vigente_hasta`, `creado_en`, `actualizado_en`) VALUES (1,1,4000.00,1,'2025-08-01',NULL,'2026-02-19 20:14:25','2026-02-19 20:14:25'),(2,2,3500.00,1,'2025-08-01',NULL,'2026-02-19 20:14:25','2026-02-19 20:14:25'),(3,3,2500.00,1,'2025-08-01',NULL,'2026-02-19 20:14:25','2026-02-19 20:14:25'),(4,4,1200.00,1,'2025-08-01',NULL,'2026-02-19 20:14:25','2026-02-19 20:14:25'),(5,5,3000.00,1,'2025-08-01',NULL,'2026-02-19 20:14:25','2026-02-19 20:14:25'),(6,6,2800.00,1,'2025-08-01',NULL,'2026-02-19 20:14:25','2026-02-19 20:14:25');
/*!40000 ALTER TABLE `precios_servicios` ENABLE KEYS */;
UNLOCK TABLES;

--
-- Dumping data for table `precios_talleres`
--

LOCK TABLES `precios_talleres` WRITE;
/*!40000 ALTER TABLE `precios_talleres` DISABLE KEYS */;
/*!40000 ALTER TABLE `precios_talleres` ENABLE KEYS */;
UNLOCK TABLES;

--
-- Dumping data for table `precios_vigencia`
--

LOCK TABLES `precios_vigencia` WRITE;
/*!40000 ALTER TABLE `precios_vigencia` DISABLE KEYS */;
REPLACE INTO `precios_vigencia` (`id`, `id_tipo_evento`, `cantidad_min`, `cantidad_max`, `precio_por_hora`, `vigente_desde`, `vigente_hasta`) VALUES (1,'INFANTILES',1,40,50000.00,'2025-08-01',NULL),(2,'INFANTILES',41,50,55000.00,'2025-08-01',NULL),(3,'INFANTILES',51,60,60000.00,'2025-08-01',NULL),(4,'INFANTILES',61,70,65000.00,'2025-08-01',NULL),(5,'INFANTILES',71,80,70000.00,'2025-08-01',NULL),(6,'INFANTILES',81,90,75000.00,'2025-08-01',NULL),(7,'INFANTILES',91,100,75000.00,'2025-08-01',NULL),(8,'INFANTILES',101,110,75000.00,'2025-08-01',NULL),(9,'INFORMALES',1,50,30000.00,'2025-08-01',NULL),(10,'INFORMALES',51,70,40000.00,'2025-08-01',NULL),(11,'INFORMALES',71,90,50000.00,'2025-08-01',NULL),(12,'INFORMALES',91,110,60000.00,'2025-08-01',NULL),(13,'CON_SERVICIO_DE_MESA',1,40,60000.00,'2025-08-01',NULL),(14,'CON_SERVICIO_DE_MESA',41,60,80000.00,'2025-08-01',NULL),(15,'CON_SERVICIO_DE_MESA',61,80,100000.00,'2025-08-01',NULL),(16,'CON_SERVICIO_DE_MESA',81,100,120000.00,'2025-08-01',NULL),(17,'CON_SERVICIO_DE_MESA',101,120,140000.00,'2025-08-01',NULL),(18,'BABY_SHOWERS',1,40,50000.00,'2025-08-01',NULL),(19,'BABY_SHOWERS',41,50,55000.00,'2025-08-01',NULL),(20,'BABY_SHOWERS',51,60,60000.00,'2025-08-01',NULL),(21,'BABY_SHOWERS',61,70,65000.00,'2025-08-01',NULL),(22,'BABY_SHOWERS',71,80,70000.00,'2025-08-01',NULL),(23,'BABY_SHOWERS',81,90,75000.00,'2025-08-01',NULL),(24,'ADOLESCENTES',1,40,50000.00,'2025-11-01',NULL),(25,'ADOLESCENTES',41,50,55000.00,'2025-11-01',NULL),(26,'ADOLESCENTES',51,60,60000.00,'2025-11-01',NULL),(27,'FECHA_BANDAS',1,120,120000.00,'2025-10-01',NULL);
/*!40000 ALTER TABLE `precios_vigencia` ENABLE KEYS */;
UNLOCK TABLES;

--
-- Dumping data for table `profesionales_servicios`
--

LOCK TABLES `profesionales_servicios` WRITE;
/*!40000 ALTER TABLE `profesionales_servicios` DISABLE KEYS */;
REPLACE INTO `profesionales_servicios` (`id`, `nombre`, `especialidad`, `telefono`, `email`, `cliente_id`, `dias_trabaja`, `hora_inicio`, `hora_fin`, `activo`, `creado_en`, `actualizado_en`) VALUES (1,'Lucía Martínez','Masajes','1150012345','lucia.m@example.com',6,'Lunes,Miércoles,Viernes','09:00:00','17:00:00',1,'2026-02-19 20:14:25','2026-02-19 20:14:25'),(2,'Mariana Gómez','Depilación','1150023456','mariana.g@example.com',5,'Martes,Jueves','10:00:00','18:00:00',1,'2026-02-19 20:14:25','2026-02-19 20:14:25'),(3,'Carolina Ruiz','Estética','1150034567','carolina.r@example.com',1,'Lunes a Viernes','09:00:00','17:30:00',1,'2026-02-19 20:14:25','2026-02-19 20:14:25');
/*!40000 ALTER TABLE `profesionales_servicios` ENABLE KEYS */;
UNLOCK TABLES;

--
-- Dumping data for table `roles_por_evento`
--

LOCK TABLES `roles_por_evento` WRITE;
/*!40000 ALTER TABLE `roles_por_evento` DISABLE KEYS */;
REPLACE INTO `roles_por_evento` (`id`, `id_tipo_evento`, `rol_requerido`, `cantidad`, `min_personas`, `max_personas`) VALUES (1,'INFANTILES','Encargada',1,0,120),(2,'INFANTILES','Cocinera',1,0,120),(3,'INFANTILES','Puerta',1,0,120),(4,'INFANTILES','Mesera',1,51,60),(5,'INFANTILES','Mesera',2,61,80),(6,'INFANTILES','Mesera',3,81,100),(7,'INFANTILES','Mesera',4,101,120),(8,'INFANTILES','Ayudante de cocina',1,51,80),(9,'INFANTILES','Ayudante de cocina',2,81,120),(10,'CON_SERVICIO_DE_MESA','Encargada',1,0,120),(11,'CON_SERVICIO_DE_MESA','Cocinera',1,0,120),(12,'CON_SERVICIO_DE_MESA','Puerta',1,0,120),(13,'CON_SERVICIO_DE_MESA','Mesera',1,51,60),(14,'CON_SERVICIO_DE_MESA','Mesera',2,61,80),(15,'CON_SERVICIO_DE_MESA','Mesera',3,81,100),(16,'CON_SERVICIO_DE_MESA','Mesera',4,101,120),(17,'CON_SERVICIO_DE_MESA','Ayudante de cocina',1,51,80),(18,'CON_SERVICIO_DE_MESA','Ayudante de cocina',2,81,120),(19,'BABY_SHOWERS','Encargada',1,0,120),(20,'BABY_SHOWERS','Cocinera',1,0,120),(21,'BABY_SHOWERS','Puerta',1,0,120),(22,'BABY_SHOWERS','Mesera',1,51,60),(23,'BABY_SHOWERS','Mesera',2,61,80),(24,'BABY_SHOWERS','Mesera',3,81,100),(25,'BABY_SHOWERS','Mesera',4,101,120),(26,'BABY_SHOWERS','Ayudante de cocina',1,51,80),(27,'BABY_SHOWERS','Ayudante de cocina',2,81,120),(28,'INFORMALES','Encargada',1,0,120),(29,'INFORMALES','Puerta',1,0,120),(30,'FECHA_BANDAS','Bartender',1,0,500),(31,'FECHA_BANDAS','Puerta',1,0,500),(32,'FECHA_BANDAS','Sonido',1,0,500);
/*!40000 ALTER TABLE `roles_por_evento` ENABLE KEYS */;
UNLOCK TABLES;

--
-- Dumping data for table `servicios_catalogo`
--

LOCK TABLES `servicios_catalogo` WRITE;
/*!40000 ALTER TABLE `servicios_catalogo` DISABLE KEYS */;
REPLACE INTO `servicios_catalogo` (`id`, `tipo_servicio_id`, `nombre`, `descripcion`, `duracion_minutos`, `activo`, `orden`, `creado_en`, `actualizado_en`) VALUES (1,'MASAJES','Masaje Descontracturante','Masaje descontracturante de 60 minutos',60,1,1,'2026-02-19 20:14:25','2026-02-19 20:14:25'),(2,'MASAJES','Masaje Relajante','Masaje relajante de 45 minutos',45,1,2,'2026-02-19 20:14:25','2026-02-19 20:14:25'),(3,'DEPILACION','Depilación Piernas','Depilación con cera - piernas completas',30,1,1,'2026-02-19 20:14:25','2026-02-19 20:14:25'),(4,'DEPILACION','Depilación Bozo','Depilación facial - bozo',15,1,2,'2026-02-19 20:14:25','2026-02-19 20:14:25'),(5,'ESTETICA','Limpieza Facial','Limpieza facial profunda de 60 minutos',60,1,1,'2026-02-19 20:14:25','2026-02-19 20:14:25'),(6,'ESTETICA','Hidratación Facial','Tratamiento hidratante de 45 minutos',45,1,2,'2026-02-19 20:14:25','2026-02-19 20:14:25');
/*!40000 ALTER TABLE `servicios_catalogo` ENABLE KEYS */;
UNLOCK TABLES;

--
-- Dumping data for table `solicitudes`
--

LOCK TABLES `solicitudes` WRITE;
/*!40000 ALTER TABLE `solicitudes` DISABLE KEYS */;
REPLACE INTO `solicitudes` (`id`, `categoria`, `fecha_creacion`, `estado`, `es_publico`, `descripcion_corta`, `descripcion_larga`, `url_flyer`, `descripcion`, `cliente_id`) VALUES (1,'ALQUILER','2026-02-19 20:14:25','Solicitado',0,'Cumpleaños de 7 años temático de Minecraft',NULL,NULL,'Cumpleaños de 7 años temático de Minecraft',1),(2,'ALQUILER','2026-02-19 20:14:25','Solicitado',0,'Fiesta de 15 para mi hija Valentina',NULL,NULL,'Fiesta de 15 para mi hija Valentina',2),(3,'ALQUILER','2026-02-19 20:14:25','Solicitado',0,'Almuerzo familiar de fin de año',NULL,NULL,'Almuerzo familiar de fin de año',3),(4,'ALQUILER','2026-02-19 20:14:25','Solicitado',0,'Asado familiar de fin de año',NULL,NULL,'Asado familiar de fin de año',4),(5,'TALLERES','2026-02-19 20:14:25','Confirmado',1,'Taller de Fotografía',NULL,NULL,'Taller de Fotografía',5),(6,'SERVICIOS','2026-02-19 20:14:25','Confirmado',1,'Servicio de Catering',NULL,NULL,'Servicio de Catering',6),(7,'BANDAS','2026-02-19 20:14:25','Confirmado',1,'Gran noche de rock nacional con Tributo a La Renga',NULL,NULL,'Gran noche de rock nacional con Tributo a La Renga',7),(8,'BANDAS','2026-02-19 20:14:25','Confirmado',1,'Noche de jazz con los mejores músicos de la zona sur',NULL,NULL,'Noche de jazz con los mejores músicos de la zona sur',8),(9,'BANDAS','2026-02-19 20:14:25','Confirmado',1,'La mejor cumbia para cerrar el año bailando!',NULL,NULL,'La mejor cumbia para cerrar el año bailando!',9),(10,'BANDAS','2026-02-19 20:14:25','Pendiente',1,'Noche de rock con bandas emergentes',NULL,NULL,'Noche de rock con bandas emergentes',10),(11,'BANDAS','2026-02-19 20:14:25','Confirmado',1,'Tributo a bandas de rock',NULL,'/uploads/flyers/1771534042256-q12071.jpg','Tributo a las mejores bandas de rock',11);
/*!40000 ALTER TABLE `solicitudes` ENABLE KEYS */;
UNLOCK TABLES;

--
-- Dumping data for table `solicitudes_adicionales`
--

LOCK TABLES `solicitudes_adicionales` WRITE;
/*!40000 ALTER TABLE `solicitudes_adicionales` DISABLE KEYS */;
REPLACE INTO `solicitudes_adicionales` (`id`, `id_solicitud`, `adicional_nombre`, `adicional_precio`, `creado_en`) VALUES (1,4,'Mesa extra',5000.00,'2026-02-19 20:14:25'),(2,4,'Silla extra',300.00,'2026-02-19 20:14:25');
/*!40000 ALTER TABLE `solicitudes_adicionales` ENABLE KEYS */;
UNLOCK TABLES;

--
-- Dumping data for table `solicitudes_alquiler`
--

LOCK TABLES `solicitudes_alquiler` WRITE;
/*!40000 ALTER TABLE `solicitudes_alquiler` DISABLE KEYS */;
REPLACE INTO `solicitudes_alquiler` (`id_solicitud`, `tipo_servicio`, `fecha_evento`, `hora_evento`, `duracion`, `cantidad_de_personas`, `precio_basico`, `precio_final`, `tipo_de_evento`, `descripcion`, `estado`) VALUES (1,'INFANTILES','2025-12-20','15:00','4 horas','25',200000.00,NULL,'ALQUILER_SALON','Cumpleaños de 7 años temático de Minecraft','Solicitado'),(2,'ADOLESCENTES','2025-12-22','20:00','5 horas','40',250000.00,NULL,'ALQUILER_SALON','Fiesta de 15 para mi hija Valentina','Solicitado'),(3,'CON_SERVICIO_DE_MESA','2025-12-27','13:00','4 horas','30',240000.00,NULL,'ALQUILER_SALON','Almuerzo familiar de fin de año','Solicitado'),(4,'INFORMALES','2025-12-29','12:00','6 horas','45',180000.00,NULL,'ALQUILER_SALON','Asado familiar de fin de año','Solicitado');
/*!40000 ALTER TABLE `solicitudes_alquiler` ENABLE KEYS */;
UNLOCK TABLES;

--
-- Dumping data for table `solicitudes_fechas_bandas`
--

LOCK TABLES `solicitudes_fechas_bandas` WRITE;
/*!40000 ALTER TABLE `solicitudes_fechas_bandas` DISABLE KEYS */;
REPLACE INTO `solicitudes_fechas_bandas` (`id_solicitud`, `id_banda`, `fecha_evento`, `hora_evento`, `duracion`, `descripcion`, `precio_basico`, `precio_final`, `precio_puerta_propuesto`, `cantidad_bandas`, `expectativa_publico`, `invitadas_json`, `estado`, `fecha_alternativa`, `notas_admin`, `id_evento_generado`, `creado_en`, `actualizado_en`) VALUES (7,NULL,'2025-12-20','21:00','5 horas','Gran noche de rock nacional con Tributo a La Renga',3000.00,NULL,NULL,1,'150',NULL,'Confirmado',NULL,NULL,NULL,'2026-02-19 20:14:25','2026-02-19 20:14:25'),(8,NULL,'2025-12-21','20:00','5 horas','Noche de jazz con los mejores músicos de la zona sur',2500.00,NULL,NULL,1,'100',NULL,'Confirmado',NULL,NULL,NULL,'2026-02-19 20:14:25','2026-02-19 20:14:25'),(9,NULL,'2025-12-28','22:00','6 horas','La mejor cumbia para cerrar el año bailando!',2000.00,NULL,NULL,1,'180',NULL,'Confirmado',NULL,NULL,NULL,'2026-02-19 20:14:25','2026-02-19 20:14:25'),(10,NULL,'2026-03-15','20:00','4 horas','Noche de rock con bandas emergentes',2800.00,NULL,NULL,1,'120',NULL,'Pendiente',NULL,NULL,NULL,'2026-02-19 20:14:25','2026-02-19 20:14:25'),(11,4,'2026-04-10','21:00','3 horas','Tributo a las mejores bandas de rock',3500.00,NULL,NULL,1,'200','[{\"id_banda\":2,\"nombre\":\"Pateando Bares\"}]','Confirmado',NULL,NULL,NULL,'2026-02-19 20:14:25','2026-02-19 20:57:37');
/*!40000 ALTER TABLE `solicitudes_fechas_bandas` ENABLE KEYS */;
UNLOCK TABLES;

--
-- Dumping data for table `solicitudes_servicios`
--

LOCK TABLES `solicitudes_servicios` WRITE;
/*!40000 ALTER TABLE `solicitudes_servicios` DISABLE KEYS */;
REPLACE INTO `solicitudes_servicios` (`id_solicitud`, `tipo_servicio`, `fecha_evento`, `hora_evento`, `duracion`, `precio`) VALUES (6,'Servicio de Catering','2026-04-20','12:00','5 horas',5000.00);
/*!40000 ALTER TABLE `solicitudes_servicios` ENABLE KEYS */;
UNLOCK TABLES;

--
-- Dumping data for table `solicitudes_talleres`
--

LOCK TABLES `solicitudes_talleres` WRITE;
/*!40000 ALTER TABLE `solicitudes_talleres` DISABLE KEYS */;
REPLACE INTO `solicitudes_talleres` (`id_solicitud`, `nombre_taller`, `fecha_evento`, `hora_evento`, `duracion`, `precio`) VALUES (5,'Taller de Fotografía','2026-04-15','18:00','2 horas',1500.00);
/*!40000 ALTER TABLE `solicitudes_talleres` ENABLE KEYS */;
UNLOCK TABLES;

--
-- Dumping data for table `talleres`
--

LOCK TABLES `talleres` WRITE;
/*!40000 ALTER TABLE `talleres` DISABLE KEYS */;
/*!40000 ALTER TABLE `talleres` ENABLE KEYS */;
UNLOCK TABLES;

--
-- Dumping data for table `talleristas`
--

LOCK TABLES `talleristas` WRITE;
/*!40000 ALTER TABLE `talleristas` DISABLE KEYS */;
/*!40000 ALTER TABLE `talleristas` ENABLE KEYS */;
UNLOCK TABLES;

--
-- Dumping data for table `tickets`
--

LOCK TABLES `tickets` WRITE;
/*!40000 ALTER TABLE `tickets` DISABLE KEYS */;
/*!40000 ALTER TABLE `tickets` ENABLE KEYS */;
UNLOCK TABLES;

--
-- Dumping data for table `turnos_servicios`
--

LOCK TABLES `turnos_servicios` WRITE;
/*!40000 ALTER TABLE `turnos_servicios` DISABLE KEYS */;
/*!40000 ALTER TABLE `turnos_servicios` ENABLE KEYS */;
UNLOCK TABLES;

--
-- Dumping data for table `usuarios`
--

LOCK TABLES `usuarios` WRITE;
/*!40000 ALTER TABLE `usuarios` DISABLE KEYS */;
REPLACE INTO `usuarios` (`id`, `email`, `password_hash`, `nombre`, `rol`, `activo`, `creado_en`) VALUES (1,'rodrigo@rodrigo','$2b$10$OHa6QTfDeP6DAn9lReTkE.eETT8TAqD58ir3Hj7QCqz999jEZ4SYe',NULL,'admin',1,'2026-02-19 20:14:25');
/*!40000 ALTER TABLE `usuarios` ENABLE KEYS */;
UNLOCK TABLES;
/*!40103 SET TIME_ZONE=@OLD_TIME_ZONE */;

/*!40101 SET SQL_MODE=@OLD_SQL_MODE */;
/*!40014 SET FOREIGN_KEY_CHECKS=@OLD_FOREIGN_KEY_CHECKS */;
/*!40101 SET CHARACTER_SET_CLIENT=@OLD_CHARACTER_SET_CLIENT */;
/*!40101 SET CHARACTER_SET_RESULTS=@OLD_CHARACTER_SET_RESULTS */;
/*!40101 SET COLLATION_CONNECTION=@OLD_COLLATION_CONNECTION */;
/*!40111 SET SQL_NOTES=@OLD_SQL_NOTES */;

-- Dump completed on 2026-02-19 21:02:18
COMMIT;
SET FOREIGN_KEY_CHECKS=1;
-- End of export
